agency,phone_number,address,category,description,insurance,knowledge_tags
A.O.D. Assessments Sac County,9168749754,3321 Power Inn rd suite120,AOD Services,"County drug and alcohol program. Youth:916 8752050, We provide prevention and treatment services for substance alcohol and drugs use disorders. We contract with an array of communitybased service providers throughout Sacramento County. Therange of services provided through these organizations includes prevention services, outpatient treatment, intensive outpatient services, medicationassisted treatment, withdrawal management detoxification, residential treatment, recovery residences, and more. Services are available for youth, young adults, perinatal/parenting women, adults, and seniors. Services will be provided to meet your cultural and language needs free of charge.",,
Anneke's haven,9164460874,,Animals,Kennel service for the pets of Loaves & Fishes' guests.,,
Elica Animals,9168087383,Mobile,Animals,Mobile Medical services for animals of homeless people = another phone number 9162053858,,
Front Street Animal Shelter,9168087387,"2127 Front St, Sacramento, CA 95818",Animals,animal pound,,
Mark Pet Services,9162236483,mobile,Animals,Dog grooming volunteer,,
American Truecare Inc DBA Alliance True Care,9168211505,,CalAIM Providers,"Individuals Experiencing Homelessness o Adults without Dependent Children/Youth o Homeless families or unaccompanied children/youth Individuals at risk for avoidable hospital or ED utilization o Adults o Children/youth Individuals with Serious Mental Health and/or SUD Needs o Adults o Children/youth Adults living in the community at risk for LTC institutionalization Adult nursing facility residents transitioning to the community Children and youth enrolled in CCS or CCS WCM with additional needs beyond the CCS condition Children and Youth involved in child welfare, Not a CS provider",Kaiser,
Amity Foundation,2137412276,,CalAIM Providers,"Individuals transitioning from incarceration o Adults o Children/youth, Not a CS provider",Kaiser,
California Health Collaborative,9163747739,,CalAIM Providers,"Individuals at risk for avoidable hospital or ED utilization o Adults Adults living in the community at risk for LTC institutionalization Adult nursing facility residents transitioning to the community Birth equity POF, Nursing Facility Transition/Diversion to Assisted Living Facilities A Community Transition Services/Nursing Facility Transition to a Home A Asthma Remediation A",Anthem,
Community Health Works,9164148333,,CalAIM Providers,"Individuals Experiencing Homelessness o Adults without Dependent Children/Youth Individuals at risk for avoidable hospital or ED utilization o Adults Individuals with Serious Mental Health and/or SUD Needs o Adults Individuals transitioning from incarceration o Adults, Housing Tenancy and Sustaining Services Housing Transition Navigation Services Short-Term Post-Hospitalization Housing",Kaiser,
Elica Health Centers,9164542345,,CalAIM Providers,"Individuals Experiencing Homelessness o Adults without Dependent Children/Youth A,H,M Individuals at risk for avoidable hospital or ED utilization o Adults A,H,M Individuals with Serious Mental Health and/or SUD Needs o Adults A,H,M Adults living in the community at risk for LTC institutionalization M Adult nursing facility residents transitioning to the community M, Not a CS provider","Anthem, HealthNet, Molina",
Environmental Alternatives dba EA Family Services,5302833330,,CalAIM Providers,"Individuals Experiencing Homelessness o Adults without Dependent Children/Youth A,H,K o Homeless families or unaccompanied children/youth A,H,K Individuals at risk for avoidable hospital or ED utilization o Adults A,K o Children/youth A,H,K Individuals with Serious Mental Health and/or SUD Needs o Adults A,H o Children/youth A,H Individuals transitioning from incarceration o Adults A,H,K o Children/youth A,H,K Children and youth enrolled in CCS or CCS WCM with additional needs beyond the CCS condition A,K Children and Youth involved in child welfare A,H,K, Housing Transition Navigation Services A,H,K Housing Deposits A,H,K Housing Tenancy and Sustaining Services A,H,K","Anthem, HealthNet, Kaiser",
"Harmony Homes for Healing Foundation, Inc",5109068299,,CalAIM Providers,"Not an ECM provider, Housing Deposits Housing Tenancy and Sustaining Services Housing Transition Navigation Services Short-Term Post-Hospitalization Housing",Kaiser,
Health & Life Organization HALO dba Sacramento Community Clinic,9166421867,,CalAIM Providers,"Individuals Experiencing Homelessness o Adults without Dependent Children/Youth o Homeless families or unaccompanied children/youth Individuals at risk for avoidable hospital or ED utilization o Adults o Children/youth Individuals with Serious Mental Health and/or SUD Needs o Adults o Children/youth Individuals transitioning from incarceration o Adults o Children/youth Adults living in the community at risk for LTC institutionalization Adult nursing facility residents transitioning to the community Children and Youth involved in child welfare Birth equity POF, Not a CS provider",Anthem,
Healthy Community Forum for the Greater Sacramento Region DBA Community Health Works,9164148333,,CalAIM Providers,"Individuals Experiencing Homelessness o Adults without Dependent Children/Youth o Homeless families or unaccompanied children/youth Individuals at risk for avoidable hospital or ED utilization o Adults Individuals with Serious Mental Health and/or SUD Needs o Adults Individuals transitioning from incarceration o Adults, Housing Deposits Housing Tenancy and Sustaining Services","Anthem, HealthNet, Kaiser",
Home & Healthcare Management,18004000727,,CalAIM Providers,"Individuals Experiencing Homelessness o Adults without Dependent Children/Youth A,H,K Individuals at risk for avoidable hospital or ED utilization o Adults A,H,K o Children/youth K Individuals with Serious Mental Health and/or SUD Needs o Adults A,H Individuals transitioning from incarceration o Children/youth H Adults living in the community at risk for LTC institutionalization A,H,K Adult nursing facility residents transitioning to the community A,H,K Birth equity POF K Children and youth enrolled in CCS or CCS WCM with additional needs beyond the CCS condition K Children and Youth involved in child welfare K, Housing Tenancy and Sustaining Services A Housing Transition Navigation Services A Environmental Accessibility Adaptations Home Modifications A Nursing Facility Transition/Diversion to Assisted Living Facilities A Community Transition Services/Nursing Facility Transition to a Home A Asthma Remediation A","Anthem, HealthNet, Kaiser",
Hope Cooperative,9169934131,,CalAIM Providers,"Not an ECM provider, Housing Deposits Housing Tenancy and Sustaining Services Housing Transition Navigation Services",HealthNet,
Independent Living Systems,3052621292,,CalAIM Providers,"Individuals Experiencing Homelessness o Adults without Dependent Children/Youth A,H,K o Homeless families or unaccompanied children/youth A,H,K Individuals at risk for avoidable hospital or ED utilization o Adults A,H,K o Children/youth H,K Individuals with Serious Mental Health and/or SUD Needs o Adults A,H,K o Children/youth H,K Adults Living in the Community and At Risk for LTC Institutionalization H,K Adult nursing facility residents transitioning to the community H,K Individuals transitioning from incarceration o Adults A,H Children and youth enrolled in CCS or CCS WCM with additional needs beyond the CCS condition H Children and Youth involved in child welfare H,K, Housing Deposits K Housing Tenancy and Sustaining Services A,K Housing Transition Navigation Services A,K Medically Tailored Meals/Medically-Supportive Food A Community Transition Services/Nursing Facility Transition to a Home K Nursing Facility Transition/Diversion to Assisted Living Facilities K","Anthem, HealthNet, Kaiser",
Institute of Aging,4157504111,,CalAIM Providers,"Individuals Experiencing Homelessness o Adults without Dependent Children/Youth Individuals at risk for avoidable hospital or ED utilization o Adults Individuals with Serious Mental Health and/or SUD Needs o Adults Adults living in the community at risk for LTC institutionalization Adult nursing facility residents transitioning to the community, Not a CS provider",Molina,
Libertana,8007501444,,CalAIM Providers,"Individuals Experiencing Homelessness o Adults without Dependent Children/Youth A,H Individuals at risk for avoidable hospital or ED utilization o Adults A,H Individuals with Serious Mental Health and/or SUD Needs o Adults A,H Adults living in the community at risk for LTC institutionalization A Adult nursing facility residents transitioning to the community A,H, Housing Tenancy and Sustaining Services H Housing Transition Navigation Services H Community Transition Services/Nursing Facility Transition to a Home A,H Nursing Facility Transition/Diversion to Assisted Living Facilities A Environmental Accessibility Adaptations Home Modifications H","Anthem, HealthNet",
LifeSteps,9169650110,,CalAIM Providers,"Individuals Experiencing Homelessness o Adults without Dependent Children/Youth Individuals at risk for avoidable hospital or ED utilization o Adults Individuals with Serious Mental Health and/or SUD Needs o Adults, Housing Transition Navigation Services Housing Deposits Housing Tenancy and Sustaining Services","Anthem, HealthNet",
Lutheran Social Services of Northern California dba LSS of Northern CA,9164532900,,CalAIM Providers,"Individuals Experiencing Homelessness o Adults without Dependent Children/Youth A,H,K, Housing Transition Navigation Services A,H,K,M Housing Deposits A,H,K,M Housing Tenancy and Sustaining Services A,H,K,M","Anthem, HealthNet, Kaiser, Molina",
Mastercare,8558366355,,CalAIM Providers,"Individuals Experiencing Homelessness o Adults without Dependent Children/Youth A,H Individuals at risk for avoidable hospital or ED utilization o Adults A,H Individuals with Serious Mental Health and/or SUD Needs o Adults A,H Adults living in the community at risk for LTC institutionalization A,H Adult nursing facility residents transitioning to the community A,H, Community Transition Services/Nursing Facility Transition to a Home A Nursing Facility Transition/Diversion to Assisted Living Facilities A","Anthem, HealthNet",
MedZed,8776339331,,CalAIM Providers,"Individuals Experiencing Homelessness o Adults without Dependent Children/Youth A o Homeless families or unaccompanied children/youth A Individuals at risk for avoidable hospital or ED utilization o Adults A Individuals with Serious Mental Health and/or SUD Needs o Adults A, Housing Tenancy and Sustaining Services A,H Housing Transition Navigation Services A,H","Anthem, HealthNet",
Merakey Allos,8886470020,,CalAIM Providers,"Individuals Experiencing Homelessness o Adults without Dependent Children/Youth A o Homeless families or unaccompanied children/youth A Individuals at risk for avoidable hospital or ED utilization o Adults A,H o Children/youth A,H Individuals with Serious Mental Health and/or SUD Needs o Adults A,H o Children/youth A,H Individuals transitioning from incarceration o Adults H o Children/youth H Adults living in the community at risk for LTC institutionalization A,H Adult nursing facility residents transitioning to the community A,H Children and youth enrolled in CCS or CCS WCM with additional needs beyond the CCS condition A,H Children and Youth involved in child welfare A,H, Not a CS provider","Anthem, HealthNet",
Mutual Assistance Network of Del Paso Heights,9169277694,,CalAIM Providers,"Not an ECM provider, Housing Tenancy and Sustaining Services Housing Transition Navigation Services Asthma Remediation",HealthNet,
MY Insurance Services Inc.,9169039070,,CalAIM Providers,"Not an ECM provider, Housing Deposits A,H Housing Tenancy and Sustaining Services A,H Housing Transition Navigation Services A,H Day Habilitation ProgramsH","Anthem, HealthNet",
Pacific Clinics,9163886400,,CalAIM Providers,"Individuals Experiencing Homelessness o Adults without Dependent Children/Youth A o Homeless families or unaccompanied children/youth A Individuals at risk for avoidable hospital or ED utilization o Adults A o Children/youth A Individuals with Serious Mental Health and/or SUD Needs o Adults A o Children/youth A Individuals transitioning from incarceration o Adults A, Housing Deposits H,M Housing Transition Navigation Services A,H,M Housing Tenancy and Sustaining Services A,H,M Community Transition Services/Nursing Facility Transition to a Home A,H Nursing Facility Transition/Diversion to Assisted Living Facilities A,H Day Habilitation Programs H,M","Anthem, HealthNet, Molina",
Peach Tree Healthcare,5307493242,,CalAIM Providers,"Individuals Experiencing Homelessness o Adults without Dependent Children/Youth A,H o Homeless families or unaccompanied children/youth A,H Individuals at risk for avoidable hospital or ED utilization o Adults A,H o Children/youth H, Not a CS provider","Anthem, HealthNet",
"Pear Suite, Inc.",,,CalAIM Providers,"Not an ECM provider, Housing Deposits Housing Tenancy and Sustaining Services Housing Transition Navigation Services Asthma Remediation",Kaiser,
RCMG River City Medical Group,9162284300,,CalAIM Providers,"Individuals Experiencing Homelessness o Adults without Dependent Children/Youth A,H,M o Homeless families or unaccompanied children/youth A,H Individuals at risk for avoidable hospital or ED utilization o Adults A,H,M o Children/youth A,H Individuals with Serious Mental Health and/or SUD Needs o Adults A,H,M o Children/youth A,H Individuals transitioning from incarceration o Adults H o Children/youth H Adults living in the community at risk for LTC institutionalization A,H,M Adult nursing facility residents transitioning to the community A,H,M Children and youth enrolled in CCS or CCS WCM with additional needs beyond the CCS condition A,H Children and Youth involved in child welfare A,H, Housing Deposits M Housing Tenancy and Sustaining Services M Housing Transition Navigation Services H,M Recuperative Care Medical Respite H Medically Tailored Meals/Medically-Supportive Food H","Anthem, HealthNet, Molina",
Sacramento County Behavioral Health,9168751055,,CalAIM Providers,"Individuals with Serious Mental Health and/or SUD Needs o Adults A,H,M Individuals transitioning from incarceration o Adults H, Housing Tenancy and Sustaining ServicesH Housing Transition Navigation ServicesH Recuperative Care Medical Respite H","Anthem, HealthNet, Molina",
Sacramento Native American Health Center Inc.,9163410575,,CalAIM Providers,"Individuals Experiencing Homelessness o Adults without Dependent Children/Youth A,H,M Individuals at risk for avoidable hospital or ED utilization o Adults A,H,M Individuals with Serious Mental Health and/or SUD Needs o Adults A,M, Not a CS provider","Anthem, HealthNet, Molina",
Serene Health,8447373638,,CalAIM Providers,"Individuals Experiencing Homelessness o Adults without Dependent Children/Youth A,K,M o Homeless families or unaccompanied children/youth A Individuals at risk for avoidable hospital or ED utilization o Adults A,K,M Individuals with Serious Mental Health and/or SUD Needs o Adults A,K,M Individuals transitioning from incarceration o Adults A,K,M o Children/youth A,K Adults living in the community at risk for LTC institutionalization K,M Adult nursing facility residents transitioning to the community K,M Birth equity POF K Children and Youth involved in child welfare K, Housing Deposits H,K,M Housing Tenancy and Sustaining Services A,H,K,M Housing Transition Navigation Services A,H,K,M Short-Term Post-Hospitalization Housing Recuperative Care Medical Respite H,K Day Habilitation ProgramsH Caregiver Respite ServicesH Personal Care and Homemaker ServicesH Nursing Facility Transition/Diversion to Assisted Living FacilitiesH Community Transition Services/Nursing Facility Transition to a HomeH,K Environmental Accessibility Adaptations Home Modifications H Medically Tailored Meals/Medically-Supportive FoodH Sobering CentersH","Anthem, Kaiser, Molina",
Slavic American Chamber of Commerce,9162072295,,CalAIM Providers,"Individuals Experiencing Homelessness o Adults without Dependent Children/Youth o Homeless families or unaccompanied children/youth Individuals with Serious Mental Health and/or SUD Needs o Adults o Children/youth Children and Youth involved in child welfare, Housing Deposits Housing Tenancy and Sustaining Services Housing Transition Navigation Services Day Habilitation Programs Medically Tailored Meals/Medically-Supportive Food",HealthNet,
St. Vincent Preventative Family Care,9013373003,,CalAIM Providers,"Not an ECM provider, Housing Deposits H Housing Tenancy and Sustaining Services H Housing Transition Navigation Services H Community Transition Services/Nursing Facility Transition to a Home H Personal Care and Homemaker Services A","Anthem, HealthNet",
Star Nursing Inc,8776877399,,CalAIM Providers,"Individuals Experiencing Homelessness o Adults without Dependent Children/Youth o Homeless families or unaccompanied children/youth Individuals at risk for avoidable hospital or ED utilization o Adults o Children/youth Individuals with Serious Mental Health and/or SUD Needs o Adults o Children/youth Adults living in the community at risk for LTC institutionalization Adult nursing facility residents transitioning to the community, Housing Transition Navigation Services Community Transition Services/Nursing Facility Transition to a Home Nursing Facility Transition/Diversion to Assisted Living Facilities Personal Care and Homemaker Services Caregiver Respite Services",Kaiser,
Step Up on Second,3103946889,,CalAIM Providers,"Not an ECM provider, Housing Deposits Housing Tenancy and Sustaining Services Housing Transition Navigation Services Community Transition Services/Nursing Facility Transition to a Home",Molina,
"Sterling Hospitalist Medical Group, Inc",7148971071,,CalAIM Providers,"Individuals Experiencing Homelessness o Adults without Dependent Children/Youth K o Homeless families or unaccompanied children/youth K Individuals at risk for avoidable hospital or ED utilization o AdultsK o Children/youthK Individuals with Serious Mental Health and/or SUD Needs o AdultsK o Children/youthK Adults living in the community at risk for LTC institutionalizationK Adult nursing facility residents transitioning to the communityK, Housing Deposits K Housing Transition Navigation Services A,K Housing Tenancy and Sustaining Services A,K","Anthem, Kaiser",
Summitview Child and Family Services,5306442412,,CalAIM Providers,"Individuals Experiencing Homelessness o Homeless families or unaccompanied children/youth Individuals at risk for avoidable hospital or ED utilization o Children/youth Individuals with Serious Mental Health and/or SUD Needs o Children/youth Children and youth enrolled in CCS or CCS WCM with additional needs beyond the CCS condition Children and Youth involved in child welfare, Not a CS provider",Kaiser,
Titanium,3102805203,,CalAIM Providers,"Individuals Experiencing Homelessness o Adults without Dependent Children/Youth A,H,M o Homeless families or unaccompanied children/youth A,M Individuals at risk for avoidable hospital or ED utilization o AdultsA,H,M o Children/youth M Individuals with Serious Mental Health and/or SUD Needs o AdultsA,H Adults living in the community at risk for LTC institutionalization M Adult nursing facility residents transitioning to the community H,M Birth Equity POF M Children and Youth involved in child welfare M, Not a CS provider","Anthem, HealthNet, Molina",
"TLCS, Inc DBA Hope Cooperative",9164410123,,CalAIM Providers,"Individuals Experiencing Homelessness o Adults without Dependent Children/Youth A,H,M Individuals at risk for avoidable hospital or ED utilization o Adults A,H,M Individuals with Serious Mental Health and/or SUD Needs o Adults H,M, Housing Transition Navigation Services A Housing Deposits A Housing Tenancy and Sustaining Services A","Anthem, HealthNet, Molina",
United Way,9163683000,,CalAIM Providers,"Not an ECM provider, Housing Deposits A,H Housing Tenancy and Sustaining Services A,H Housing Transition Navigation Services A,H","Anthem, HealthNet",
Vynca,8882278884,,CalAIM Providers,"Individuals Experiencing Homelessness o Adults without Dependent Children/Youth o Homeless families or unaccompanied children/youth Individuals at risk for avoidable hospital or ED utilization o Adults o Children/youth Individuals with Serious Mental Health and/or SUD Needs o Adults o Children/youth Individuals transitioning from incarceration o Adults o Children/youth Adults living in the community at risk for LTC institutionalization Adult nursing facility residents transitioning to the community Children and youth enrolled in CCS or CCS WCM with additional needs beyond the CCS condition Children and Youth involved in child welfare Birth equity POF, Not a CS provider",Molina,
Wellspace Health,9167375555,,CalAIM Providers,"Individuals Experiencing Homelessness o Adults without Dependent Children/Youth A,H,M o Homeless families or unaccompanied children/youth A,H Individuals at risk for avoidable hospital or ED utilization o AdultsA,H,M o Children/youthA,H Individuals with Serious Mental Health and/or SUD Needs o Adults A,H,M o Children/youth A Individuals transitioning from incarceration o Adults A,H o Children/youth A Adults living in the community at risk for LTC institutionalization A,H,M Adult nursing facility residents transitioning to the community A,H,M Children and youth enrolled in CCS or CCS WCM with additional needs beyond the CCS condition A Children and Youth involved in child welfare A Birth equity POF A, Housing Transition Navigation Services A,H,K,M Housing Deposits A,H,K,M Housing Tenancy and Sustaining Services A,H,K,M Recuperative Care Medical Respite A,H,K,M Short-Term Post-Hospitalization Housing A,H,K,M Sobering Centers A,H,K,M Nursing Facility Transition/Diversion to Assisted Living FacilitiesH Community Transition Services/Nursing Facility Transition to a Home H,M Environmental Accessibility Adaptations Home Modifications H Medically Tailored Meals/Medically-Supportive Food H","Anthem, HealthNet, Molina",
Adult Protective Services,9168749377,"3701 Branch Center Rd, Sacramento, CA 95827",Elder Services,"Helping elder adults 65 years and older and dependent adults 1864 who are disabled when these adults are unable to meet their own needs, or are victims of abuse, neglect or exploitation. APS investigates reports of abuse of elders and dependent adults who live in private homes, apartments, hotels or hospitals.",,
Del Oro Caregiver Resource Center,9167299333,,Elder Services,Planned respite for family caregivers at risk of a mental health crisis who are caring for family member with dementia,,
Senior Safe House,9162653400,3434 Marconi Ave,Elder Services,Senior housing and homeless services. Multiple locations,,
GoodU goodwill Job,9163959000,,Employment,Job Training Paid by Lynette,,
Loaves and Fishes,9164460874,1351 North C st,Food,"Dining Room600800 meals every day,Friendship park, community service, Mercy clinic, spokes & wrenches, library, mercer veterinary clinic, spiritual companions ministry",,
SSIP South Sac Interfaith Partnership,9164285290,"5625 24th Street, Sacramento CA 95822",Food,Provides large donation of airline food and other snacks,,
211 Sacramento,9164681000,,General,"list of: housing/shelters transportation, food/meals, personal care, clothing, healthcare/mental health/substance abuse/homeless resources",,
Advocacy,9164469316,,General,"Organize and support efforts, survival resources",,
Boombas Socks,9167049800,na,General,Fancy sock donation lady named Kimberly,,
City of Refugees,9166135503,"3216 Martin Luther King Jr Blvd, Sacramento, CA 9581",General,"City of Refuge Sacramento, a non profit organization, exists to support people living in marginalized communities of Sacramento and to empower their ability to create a personal transformation that will lead to a healthy and thriving community",,
Department of Human Assistance DHA,9168743100,"2700 Fulton Ave, Sacramento",General,"Verification of Homelessness, Route for government assistance",,
First Step Communities,9168224900,1400 North A Street .,General,"Men&women shelter, 40 each. Walkins only for Waitlist, Case management offered to residents. Multiple Safe Grounds throughout city",,
GoodU goodwill Job,9163959000,,General,Job Training Paid by Lynette,,
Jail visitation,9164460368,,General,"Jail visits, Human interaction and listening ear,",,
Next Move Homeless Services,9164432646,1422 C st,General,"Bus passes, Clothing donation, veteran's services, Resource coaching, California identification, Diversion program, Hygiene kits, Notary services, job development center",,
Oak Park Outreach,9165939280,,General,Outreach for housing those in oak park,,
Salvation Army,9164415267,1615 D st,General,"Homeless Shelter, LGBTQ Support,Disaster relief, food Pantries, Grassroots services, Life skills to escape poverty, alcohol and drug rehab, Spiritual Healing, Job training, Summer camps, Solutions to human trafficking, Veteran services, services for the aging, Domestic abuse, Afterschool programs.",,
St. Vincent De Paul Society,9165464236,"4745 Pennsylvania Ave, Fair Oaks CA 95628",General,Provided Hotel Vouchers for COVID 19 Positive people,,
Heritage Oaks,9164893336,"4250 Auburn Blvd, Sacramento, CA 95841",Hospital,"Heritage Oaks Hospital is an acute psychiatric hospital that provides treatment to teens, adults and seniors living with mental health challenges",,
Mercy General Hospital,9164534545,"4001 J Street, Sacramento CA 95819",Hospital,Hospital,,
1322 O Street,9164464040,"1322 O Street, Sacramento, CA 95814",Housing,Affordable / subsidized apartment community.,,
1717 S Street,9164464040,"1717 S Street, Sacramento, CA 95811",Housing,Affordable / subsidized apartment community.,,
440 Arden Way,4153213578,"440 Arden Way, Sacramento, CA 95815",Housing,Affordable / subsidized apartment community.,,
4995 Stockton Boulevard,9164144442,"4995 Stockton Boulevard Sacramento, CA 95820",Housing,Affordable / subsidized apartment community.,,
700 Block,9169175216,"700 K Street, Sacramento, CA, 95814",Housing,Affordable / subsidized apartment community.,,
7th & H Apartments,9165208641,"625 H Street, Sacramento, CA 95814",Housing,Affordable / subsidized apartment community.,,
Albert Einstein Residence Center,9165610323,"1935 Wright Street, Sacramento, CA 95825",Housing,Affordable / subsidized apartment community.,,
Anton Arcade Apartments,9168855214,"2134 Butano Drive, Sacramento, CA 95825",Housing,Affordable / subsidized apartment community.,,
Anton Power Inn,6502411847,"7243 Power Inn Rd. Sacramento CA, 95828",Housing,Affordable / subsidized apartment community.,,
Arbor Creek Family Apartments,9164055493,"8340 Elk Grove Florin Road, Sacramento, CA 95829",Housing,Affordable / subsidized apartment community.,,
Arbor Creek Senior Apartments,9166896444,"8350 Elk Grove Florin Road, Sacramento, CA, 95829",Housing,Affordable / subsidized apartment community.,,
Arena Seniors Apartments,9163575300,"Truxel & East Sports Parkway, Sacramento, CA 95834",Housing,Affordable / subsidized apartment community.,,
Beech Hill Apartments,2093659010,"8789 Greenback Lane, Orangevale, CA 95662",Housing,Affordable / subsidized apartment community.,,
Bel-Vue Apartments,9164468851,"1117 8th Street, Sacramento, CA 95814",Housing,Affordable / subsidized apartment community.,,
Bellwood Park Apartments,9163447256,"385 Bell Ave., Sacramento, CA 95838",Housing,Affordable / subsidized apartment community.,,
Broadway and 39th Street,9165610323,"3025 39th Street Sacramento CA, 95817",Housing,Affordable / subsidized apartment community.,,
Capitol Lofts,9164988903,"1108 R Street, Sacramento, CA 95811",Housing,Affordable / subsidized apartment community.,,
Capitol Park Hotel,9164144442,"1125 9th Street Sacramento, CA 95814",Housing,Affordable / subsidized apartment community.,,
Cascade Village Apartments,9163812610,"7600 Fruitridge Road, Sacramento, CA 95820",Housing,Affordable / subsidized apartment community.,,
Central City I (Site 1),9164496248,"626 I Street, Sacramento, CA 95811",Housing,Affordable / subsidized apartment community.,,
Central City II (Site 1),9164496248,"2512-2516 H Street, Sacramento, CA, 95816",Housing,Affordable / subsidized apartment community.,,
Coloma Woods,9164857368,"2320 Heather Glen Lane, Rancho Cordova CA, 95670",Housing,Affordable / subsidized apartment community.,,
Cornerstone North by Mutual Housing,9164538400,"46th Street and Lang Avenue, Sacramento, CA 95823",Housing,Affordable / subsidized apartment community.,,
Cornerstone South,9164538400,"46th and Lang Avenue, Sacramento, CA 95823",Housing,Affordable / subsidized apartment community.,,
Courtyard Inn,9165711581,"3425 Orange Grove Ave, North Highlands, CA 95660",Housing,Affordable / subsidized apartment community.,,
Crossroad Gardens,9163914344,"7322 Florin Woods Drive, Sacramento, CA 95823",Housing,Affordable / subsidized apartment community.,,
Curtis Park Court,9167585686,"24th Street and 10th Avenue, Sacramento, CA, 95818",Housing,Affordable / subsidized apartment community.,,
Danbury Park Apartments,9167257385,"7840 Walerga Rd, Antelope, CA 95843",Housing,Affordable / subsidized apartment community.,,
Ethan Terrace Apartments,9165502197,"1820 Ethan Way, Sacramento, CA 95825",Housing,Affordable / subsidized apartment community.,,
Garden Village,9163833920,"6601 Sunnyslope Dr., Sacramento, CA 95828",Housing,Affordable / subsidized apartment community.,,
Gloria Drive Apartments,9169276800,"7201 Gloria Drive, Sacramento, CA 95831",Housing,Affordable / subsidized apartment community.,,
Grand Ave Villa Apartments,9165969042,"3740 May Street Sacramento, CA 95838",Housing,Affordable / subsidized apartment community.,,
Hellenic Seniors Center,9168123369,"7847 Rush River Drive Sacramento, CA 95831",Housing,Affordable / subsidized apartment community.,,
Imperial Tower,9164479291,"331 J Street, Sacramento, CA 95814",Housing,Affordable / subsidized apartment community.,,
Jerron Place Apartments,9163447256,"1730 Jerron Place, Sacramento, CA 95825",Housing,Affordable / subsidized apartment community.,,
Kelsey Village,9167371700,"2830 Stockton Blvd, Sacramento, CA 95817",Housing,Affordable / subsidized apartment community.,,
Kensington Apartments,9164883690,"3644 Kings Way, Sacramento, CA 95821",Housing,Affordable / subsidized apartment community.,,
Land Park Woods,9164420323,"2814 5th Street, Sacramento, CA 95818",Housing,Affordable / subsidized apartment community.,,
Lavender Courtyard by Mutual Housing,9164538400,"605 16th St, Sacramento, CA 95814",Housing,Affordable / subsidized apartment community.,,
Mather Veterans Village,9162738947,"3615 Bleckely Street, Rancho Cordova, CA, 95655",Housing,Affordable / subsidized apartment community.,,
Mather Veterans Village Phase III,9162738944,"3607 Bleckely Street, Rancho Cordova, CA 95655",Housing,Affordable / subsidized apartment community.,,
Mirasol Village Block D,9165610323,"1381 Swallowtail Avenue Sacramento CA, 95811",Housing,Affordable / subsidized apartment community.,,
Mosaic Gardens at Taylor Terrace,9169290323,"4050 Taylor Street, Sacramento, CA 95838",Housing,Affordable / subsidized apartment community.,,
Mulberry Gardens Apartments,9169291860,"655 Howe Avenue, Sacramento, CA 95825",Housing,Affordable / subsidized apartment community.,,
Mutual Housing at Foothill Farms,9163320366,"5324 Hemlock Street, Sacramento, CA 95841",Housing,Affordable / subsidized apartment community.,,
Mutual Housing on the Boulevard,9164538400,"7351 Stockton Boulevard, Sacramento, CA 95823",Housing,Affordable / subsidized apartment community.,,
Northlake Senior Apartments,9164713003,"Hammock Avenue and Littlestone, Sacramento, CA 95835",Housing,Affordable / subsidized apartment community.,,
Northview Pointe,9165610323,"2314 Northview Drive Sacramento CA, 95833",Housing,Affordable / subsidized apartment community.,,
Oak Park Senior Apartments,9167061548,"3848 Martin Luther King Jr. Blvd., Sacramento, CA 95817",Housing,Affordable / subsidized apartment community.,,
Oak Valley Apartments,9163447256,"5520 Harrison St., North Highlands, CA 95660",Housing,Affordable / subsidized apartment community.,,
Olive Wood Apartments,9163636756,"2801 La Quinta Drive, Sacramento, CA, 95826",Housing,Affordable / subsidized apartment community.,,
On Broadway Apartments,4152958899,"1901 Broadway, Sacramento, CA, 95818",Housing,Affordable / subsidized apartment community.,,
Pacific Rim Apartments,9163838449,"6620 Sunnyslope Drive, Sacramento, CA 95828",Housing,Affordable / subsidized apartment community.,,
Park Florin,9169264894,"6195 66th Avenue, Sacramento, CA 95823",Housing,Affordable / subsidized apartment community.,,
Pensione K,9164432766,"1100 17th Street, Sacramento, CA 95811",Housing,Affordable / subsidized apartment community.,,
Pioneer Towers,9164436548,"515 P Street, Sacramento, CA 95814",Housing,Affordable / subsidized apartment community.,,
Project Sentinel,4087209888,1010 hurley way #500,Housing,"Sentinel assists individuals with housing problems such as discrimination, mortgage foreclosure & delinquenc",,
Quinn Cottages,9164929065,"1500 North A Street, Sacramento, CA 95814",Housing,Affordable / subsidized apartment community.,,
Rental Assistance Demonstration Phase I,9164496360,"1043 43rd Avenue, Sacramento, CA 95822",Housing,Affordable / subsidized apartment community.,,
Resources For Independent living,9164463074,"420 I St, Sacramento, CA 95814",Housing,RIL is to begin a new initiative to support older adults and people with disabilities during the activation of a Public Safety Power Shutoff PSPS event or other emergency. The goal is to enable them to remain safe while independent in their residences and communities. We are coordinating various programs for those who depend on power for durable medical equipment or for their livelihood.,,
Ridgeway Studios,9164970753,"912 12th Street, Sacramento, CA 95814",Housing,Affordable / subsidized apartment community.,,
River City Trio,9497057998,"1215 D Street, Sacramento CA, 95814",Housing,Affordable / subsidized apartment community.,,
Salvator Apartments,9164071565,"880 Arden Way, Sacramento, CA 95815",Housing,Affordable / subsidized apartment community.,,
San Juan Apartments by Mutual Housing,9164538400,"5700 Stockton Blvd, Sacramento, CA 95824",Housing,Affordable / subsidized apartment community.,,
Saybrook Apartments,2093659010,"4390 47th Avenue, Sacramento, CA 95824",Housing,Affordable / subsidized apartment community.,,
Shasta Hotel,9164487510,"1017 10th Street, Sacramento, CA 95814",Housing,Affordable / subsidized apartment community.,,
Sierra Vista Apartments,9164496360,"1115 23rd Street, Sacramento, CA, 95816",Housing,Affordable / subsidized apartment community.,,
Sky Parkway Terrace,3108026674,"5414 Sky Parkway, Sacramento, CA 92882",Housing,Affordable / subsidized apartment community.,,
"South Sacramento Mutual Housing: Los Robles Apts, Greenway Village, Glen Ellen (Site A)",9164280727,"5500 Sky Parkway, Sacramento, CA 95823",Housing,Affordable / subsidized apartment community.,,
Southwind Court Apartments,9163834003,"7371 Power Inn Road, Sacramento, CA 95828",Housing,Affordable / subsidized apartment community.,,
St. Anton Ascent,9164713003,"3531, 3541 & 3561 Del Paso Road, Sacramento, CA 95835",Housing,Affordable / subsidized apartment community.,,
St. Francis/Village Park Apartments (Site A),9164436380,"2525 L Street, Sacramento, CA 95816",Housing,Affordable / subsidized apartment community.,,
Sunrise Crossing Apartments,9164713000,"11295 Folsom Boulevard Rancho Cordova, CA 95742",Housing,Affordable / subsidized apartment community.,,
Sunrise Meadows Apartments,9169662131,"11020 Colomma Road, Rancho Cordova, CA 95670",Housing,Affordable / subsidized apartment community.,,
Sutterview Apartments,9164496360,"2526 L Street, Sacramento, CA, 95816",Housing,Affordable / subsidized apartment community.,,
The Wong Center,9164538400,"631 F Street, Sacramento, CA, 95814",Housing,Affordable / subsidized apartment community.,,
Township Nine Affordable Housing,9165532222,"601 Cannery Ave, Sacramento, CA 95811",Housing,Affordable / subsidized apartment community.,,
Twin Rivers Block A,3146213400,"321 Eliza Street, Sacramento, CA 95811",Housing,Affordable / subsidized apartment community.,,
Twin Rivers Block B and E,3146213400,"321 Eliza Street, Sacramento, CA 95811",Housing,Affordable / subsidized apartment community.,,
Victory Trio (Site1),9169231624,"3301 Norwood Avenue, Sacramento, CA 95838",Housing,Affordable / subsidized apartment community.,,
Villa Jardin/Coral Gables,4153454400,"63 Coral Gables Court, Sacramento, CA 95822",Housing,Affordable / subsidized apartment community.,,
Washington Plaza Apartments,9164496360,"1318 E Street, Sacramento, CA 95814",Housing,Affordable / subsidized apartment community.,,
Woodhaven Senior Residence,9169257313,"3731 Rio Linda Blvd., Sacramento, CA, 95838",Housing,Affordable / subsidized apartment community.,,
IRS Sacramento,8008291040,4330 Watt Ave,IRS,IRS,,
Jail visitation,9164460368,,Jail Visitation,"Jail visits, Human interaction and listening ear,",,
Gender Health Center,9164552391,,LGBTQ,Transgendercentered dropin respite,,
Lambda Lounge,9164420185,,LGBTQ,LGBTQfriendly planned and dropin respite,,
Sacramento LGBT Community Center:Q spot,9164420185,,LGBTQ,LGBTQIA TEENs and TAYs in crisis. Dropin respite and support groups for youth ages 13 to 23,,
Sac County Probation,9168750300,8745 Folsom Blvd,Legal,Legal,,
Tommy clinkenbeard,9164460368,,Legal,"Legal clinic, legal advicefrom volunteer lawyers, conducts warrant checks, manages courtordered community service sentences to minimize incarceration rates among people experiencing homelessness",,
California Lifeline Free Smart Phones,9162415581,"2949 Fulton Ave, Ste A",LifeLine,Provides Obama's Phones,,
A.O.D. Assessments Sac County,9168749754,3321 Power Inn rd suite120,Medical Clinic,"County drug and alcohol program. Youth:916 8752050, We provide prevention and treatment services for substance alcohol and drugs use disorders. We contract with an array of communitybased service providers throughout Sacramento County. The range of services provided through these organizations includes prevention services, outpatient treatment, intensive outpatient services, medicationassisted treatment, withdrawal management detoxification, residential treatment, recovery residences, and more. Services are available for youth, young adults, perinatal/parenting women, adults, and seniors. Services will be provided to meet your cultural and language needs free of charge.",,
Alpha 1 medical,9166351111,"10461 Old Placerville Rd #110, Sacramento, CA 95827",Medical Clinic,"emergency medical services, like 911 ambulance",,
Cache Creek High School,5307533498,"14320 Second Street, YOLO, 95697",Medical Clinic,,,
Cares Community Health dba One Community Health - Carmichael Health Center,9164433299,"3637 Mission Ave STE 1-3, Carmichael, 95608-2946",Medical Clinic,,,
Cares Community Health dba One Community Health - Midtown,9164433299,"1500 21st Street, Basement, 1st Floor, 2nd Floor/East Wing BLDG A, Sacramento, 95811",Medical Clinic,,,
Cares Community Health dba One Community Health Arden-Arcade Campus,9164433299,"1442 Ethan Way Ste 100, Sacramento, 95825-2232",Medical Clinic,,,
Cares Community Health dba One Community Health Wind Youth Campus,9164433299,"815 S Street STE 1,24,& 25, SACRAMENTO, 95811-7064",Medical Clinic,,,
Community Health centers of America Carmichael,9164851555,"5723 Marconi Ave, Carmichael, 95608-4475",Medical Clinic,,,
Community Health Centers of America-Fair Oaks,2097610934,"6608 Mercy Ct, Fair Oaks, 95628-3170",Medical Clinic,,,
"Community Medical Centers, Dixon",7076351600,"131 W A St, Dixon, 95620-3437",Medical Clinic,,,
Comunity Health Centers of America Sacramento,2097610134,"2928 Eastern Ave., Sacramento, 95821",Medical Clinic,,,
Cordova High School,9162942450,"2239 Chase Dr, Rancho Cordova, 95670-2078",Medical Clinic,,,
DAVIS COMMUNITY CLINIC,5307582060,"2051 John Jones Rd, Davis, 95616-9701",Medical Clinic,,,
Elica Health Centers,9164542345,"155 15th St, West Sacramento, 95691-3737",Medical Clinic,,,
Elica Health Centers - Arden Arcade,9164542345,"1750 Wright St Ste 1, Sacramento, 95825-4041",Medical Clinic,,,
Elica Health Centers - Cadillac Drive,9164542345,"77 Cadillac Drive STE 200, Sacramento, 95825",Medical Clinic,,,
Elica Health Centers - Franklin Medical Center,9164542345,"5385 Franklin Blvd Ste K, Sacramento, 95820-4717",Medical Clinic,,,
Elica Health Centers - Glendale,9164542345,"2400 Glendale Ln, Sacramento, 95825-2431",Medical Clinic,,,
Elica Health Centers - Halyard Medical Center,9164542345,"1276 Halyard Dr, West Sacramento, 95691-3412",Medical Clinic,,,
Elica Health Centers - Mack Road,9164542345,"6339 Mack Rd, Sacramento, 95823-4655",Medical Clinic,,,
Elica Health Centers - Marysville,9164542345,"3234 Marysville Blvd, Sacramento, 95815-1411",Medical Clinic,,,
Elica Health Centers - Midtown,9164542345,"3701 J St Ste 201, Sacramento, 95816-5542",Medical Clinic,,,
Elica Health Centers - Midtown Medical Center,9164542345,"3701 J St Ste 100, Sacramento, 95816-5542",Medical Clinic,,,
Elica Health Centers - V Street Medical Center,9164542345,"923 V St, Sacramento, 95818-1331",Medical Clinic,,,
Elica Health Centers Health On Wheels,9164542345,"3701 J ST, SACRAMENTO, 95816-5562",Medical Clinic,,,
Elica Health Centers Health On Wheels 2,9164542345,"1276 Halyard Dr, West Sacramento, 95691-3412",Medical Clinic,,,
Elica Health Centers Health On Wheels 3,9164542345,"1276 Halyard Dr, West Sacramento, 95691-3412",Medical Clinic,,,
Elica Health Centers Health On Wheels 4,9164542345,"1276 Halyard Dr, West Sacramento, 95691-3412",Medical Clinic,,,
Elica Health Centers North Highlands,9164542345,"4815 Watt Ave, North Highlands, 95660-5108",Medical Clinic,,,
Ethel Baker Elementary School,9163154560,"5717 Laurine Way, Sacramento, 95824-1413",Medical Clinic,,,
Family Wellness Center - Courage Building,5306622211,"455 1st St, Woodland, 95695-4023",Medical Clinic,,,
Family Wellness Center - Hope Building,5306622211,"619 Lincoln Ave, Woodland, 95695-4017",Medical Clinic,,,
Family Wellness Center - Unity Building,5306622211,"453 1st St, Woodland, 95695-4023",Medical Clinic,,,
Frederick Joyce Elementary School,9165661880,"6050 Watt Ave, North Highlands, 95660-4212",Medical Clinic,,,
Hansen Family Health Center,5306668960,"215 W Beamer St, Woodland, 95695-2510",Medical Clinic,,,
Hiram Johnson High School,9163955070,"6879 14th Ave, Sacramento, 95820-3431",Medical Clinic,,,
Howe Avenue Elementary School,9165662165,"2404 Howe Ave, Sacramento, 95825-0132",Medical Clinic,,,
Inderkum High School,9165675640,"2500 New Market Dr, Sacramento, 95835-2238",Medical Clinic,,,
Katherine Johnson Middle School/Encina High School,7039342400,"1400 Bell St, Sacramento, 95825-2303",Medical Clinic,,,
Las Palmas Elementary School,9165662700,"477 Las Palmas Ave, Sacramento, 95815-1605",Medical Clinic,,,
Luther Burbank High School,9164335100,"3500 Florin Rd, Sacramento, 95823-1767",Medical Clinic,,,
Madison Elementary School,9165661900,"5241 Harrison St, North Highlands, 95660-5444",Medical Clinic,,,
Martin Luther King Jr. High School,5307575425,"635 B St, Davis, 95616-3853",Medical Clinic,,,
Mercy General Hospital,9164534545,"4001 J Street, Sacramento CA 95819",Medical Clinic,,,
Mills Middle School,9162949045,"10439 Coloma Rd, Rancho Cordova, 95670-2107",Medical Clinic,,,
Mobile Medical Center,9168749670,"4600 BROADWAY, SACRAMENTO, 95820-1527",Medical Clinic,,,
One Community Health Mobile Unit,9164433299,"1500 21st Street (Parking Lot), Sacramento, 95811",Medical Clinic,,,
Pacific Elementary School,9164335089,"6201 41st St, Sacramento, 95824-3736",Medical Clinic,,,
Peach Tree North Sacramento,5307493242,"3810 Rosin Ct Ste 100, Sacramento, 95834-1657",Medical Clinic,,,
Riverbank Elementary School,9163757600,"1100 Carrie St, West Sacramento, 95605-2046",Medical Clinic,,,
Sacramento Community Clinic - Assembly Court,9166421867,"5524 Assembly Ct, Sacramento, 95823",Medical Clinic,,,
Sacramento Community Clinic - Del Paso,9169247988,"2200 Del Paso Blvd, Sacramento, 95815-3102",Medical Clinic,,,
Sacramento Community Clinic - Del Paso Dental,9166421890,"2138 Del Paso Blvd, Sacramento, 95815-3002",Medical Clinic,,,
Sacramento Community Clinic - Explorer Drive,9162545700,"3030 Explorer Dr, Sacramento, 95827-2728",Medical Clinic,,,
Sacramento Community Clinic - Ntsa Iab,9166421867,"7215 55th Street, Sacramento, 95823-2601",Medical Clinic,,,
Sacramento Community Clinic- El Camino,9166421867,"965 El Camino Ave, Sacramento, 95815-2530",Medical Clinic,,,
Sacramento Community Clinics - Kajsiab,9166421867,"7215 55th Street, Sacramento, 95823-2601",Medical Clinic,,,
Sacramento County Primary Care Center,9168749777,"4600 BROADWAY, SACRAMENTO, 95820-1527",Medical Clinic,,,
Sacramento Urgent Care Now,9167317728,"1201 Alhambra Blvd #230, Sacramento, CA 95816",Medical Clinic,"Sacramento Urgent Care offers a faster, convenient, and economical alternative to going to an emergency room. Our expert physicians, nurse practitioners, and support staff provide quality sameday care for patients of all ages, including infants, children, and adults with nonlifethreatening illnesses and injuries. If a medical problem is lifethreatening, call 911.",,
Salud Health Center,9164032900,"500B Jefferson Blvd STE 180 & 195, West Sacramento, 95605",Medical Clinic,,,
SCHC Loaves and Fishes Health Center,9168749456,"401 N 12th St, Sacramento, 95811-0511",Medical Clinic,,,
Taylor Street Elementary School,9169275340,"4350 Taylor St, Sacramento, 95838-2622",Medical Clinic,,,
Urgent Care Now Arden,9164809925,"4345 Arden Way, Sacramento CA., 95864",Medical Clinic,"XRays, EKG's, IV fluids, oxygen therapy, nebulizer treatments, wound care, laboratory services, medication prescriptions, work comp, occupational medicine.",,
Vida Family Health Center,9169142650,"954 Sacramento Ave, West Sacramento, 95605-1904",Medical Clinic,,,
Wellspace,9167375555,1820 J Street,Medical Clinic,,,
WellSpace Health - Alhambra Community Health Center,9167375555,"2425 Alhambra Blvd, Sacramento, 95817-1110",Medical Clinic,,,
WellSpace Health - Arden Arcade Community Health Center,9167375555,"2433 Marconi Ave, Sacramento, 95821-4807",Medical Clinic,,,
WellSpace Health - Del Paso Heights Community Health Center,9165637200,"3441 Marysville Blvd, Sacramento, 95838-4512",Medical Clinic,,,
WellSpace Health - Florin Community Health Center,9169312229,"4241 Florin Rd Ste 30, Sacramento, 95823-2535",Medical Clinic,,,
WellSpace Health - Folsom Community Health Center,9164072222,"1710 Prairie City Rd Ste 125, Folsom, 95630-4042",Medical Clinic,,,
WellSpace Health - Gregory Bunker Community Health Center,9167375555,"4990 Stockton Blvd, Sacramento, 95820-5406",Medical Clinic,,,
WellSpace Health - Health Care for Women Community Health Center,9166893433,"7601 Hospital Dr Ste 220, Sacramento, 95823-5408",Medical Clinic,,,
WellSpace Health - J Street Community Health Center,9163138400,"1820 J Street, Sacramento, 95811-3010",Medical Clinic,,,
WellSpace Health - Martin Luther King Jr. Village,9167375555,"3900 47th Ave, Sacramento, 95824-2430",Medical Clinic,,,
WellSpace Health - North Highlands Community Health Center,9166793925,"Watt Avenue, North Highlands",Medical Clinic,,,
WellSpace Health - Norwood Community Health Center,9165640521,"3946 Norwood Ave, Sacramento, 95838-3300",Medical Clinic,,,
WellSpace Health - Oak Park Community Health Center,9162334920,"3415 Martin Luther King Jr Blvd, Sacramento, 95817-3648",Medical Clinic,,,
WellSpace Health - Perinatal Education Center,9163922290,"7501 Hospital Dr STE 204, Sacramento, 95823-5405",Medical Clinic,,,
WellSpace Health - Professional Health Center for Women,9165151698,"4150 Truxel Road, Suite C, Sacramento, 95834",Medical Clinic,,,
WellSpace Health - Rancho Cordova Community Health Center,9165698600,"10423 Old Placerville Road STE A, Sacramento, 95827-2540",Medical Clinic,,,
WellSpace Health - Roseville Community Health Center,9169781738,"5 Medical Plaza STE 170, Roseville, 95661-2867",Medical Clinic,,,
WellSpace Health - San Juan Community Health Center,9167251177,"5959 Greenback Ln Ste 500, Citrus Heights, 95621-4700",Medical Clinic,,,
WellSpace Health - Sierra Gardens Community Health Center,9167375555,"151 N Sunrise Ave Ste 1309, Roseville, 95661-2933",Medical Clinic,,,
WellSpace Health - South Valley Children's Dental Clinic,9167375573,"8231 E Stockton Blvd STE C, Sacramento, 95828-8202",Medical Clinic,,,
WellSpace Health - South Valley Community Health Center,9162364701,"8233 E Stockton Blvd Ste D, Sacramento, 95828-8203",Medical Clinic,,,
WellSpace Health - Sunrise Community Health Center,9167222227,"7777 Sunrise Blvd Ste 2500, Citrus Heights, 95610-2372",Medical Clinic,,,
WellSpace Health at Boulevard Court,9167375555,"5321 Stockton Blvd., Sacramento, 95820-5411",Medical Clinic,,,
WellSpace Health Interim Care Program at The Salvation Army,9163208622,"1200 North B Street, Sacramento, 95811-0603",Medical Clinic,,,
WellSpace Health Tom Gagen Community Health Center,9165698650,"631 H ST, SACRAMENTO, 95814-2302",Medical Clinic,,,
Woodland Community College,5306617758,"2300 E Gibson Rd, Woodland, 95776-5156",Medical Clinic,,,
Woodridge Elementary School,9165661650,"5761 Brett Dr, Sacramento, 95842-3161",Medical Clinic,,,
Alpha 1 medical,9166351111,"10461 Old Placerville Rd #110, Sacramento, CA 95827",Medical Transportation,"emergency medical services, like 911 ambulance",,
Alternative Family Services,9162545200,"8950 Cal Center Drive, Suite 340 Sacramento, 95826",Mental Health Clinic,Children's General & Specialized Mental Health Services,,
Alternative Family Services - The Gathering Place,5107462800,"401 Roland Way Oakland, 94621",Mental Health Clinic,Children's & Adult General & Specialized Mental Health Services,,
Asian Pacific Community Counseling,9163836783,"7273 14th Avenue, Suite 120-B Sacramento, 95820",Mental Health Clinic,Children's & Adult General & Specialized Mental Health Services,,
Bay Area Community Services Inc,9163797964,"9333 Tech Center Drive, Suite 100 Sacramento, 95826",Mental Health Clinic,Adult General & Specialized Mental Health Services,,
Bay Area Community Services Inc - CORE Cedar,9163180141,"4600 47th Avenue, Suite 111 & 211 Sacramento, 95824",Mental Health Clinic,Adult General & Specialized Mental Health Services,,
Bay Area Community Services Inc - CORE Sycamore,9168004924,"9343 Tech Center Drive, Suite 175 & 185 Sacramento, 95826",Mental Health Clinic,Adult General & Specialized Mental Health Services,,
Bay Area Community Services Inc - CORE Willow,9162706994,"7171 Bowling Drive Sacramento, 95823",Mental Health Clinic,Adult General & Specialized Mental Health Services,,
"Central Star Behavioral Health, Inc.",9165847800,"3815 Marconi Ave Sacramento, 95821",Mental Health Clinic,Children's General & Specialized Mental Health Services,,
Central Star Children's Outpatient Specialty Mental Health Services,9165847800,"3800 Watt Ave Suite 110 Sacramento, 95821",Mental Health Clinic,Children's General & Specialized Mental Health Services,,
"Central Star-Consultation, Support and Engagement Team",9165847800,"401 S Street, Suite 101 Sacramento, 95811-6919",Mental Health Clinic,Children's General & Specialized Mental Health Services,,
Central Star-Full Service Partnership,9165847800,"401 S Street, Suite 101 Sacramento, 95811",Mental Health Clinic,Children's General & Specialized Mental Health Services,,
Children's Receiving Home,9164822370,"3555 Auburn Blvd. Sacramento, 95821",Mental Health Clinic,Children's General & Specialized Mental Health Services,,
Dignity Medical Foundation,9164502600,"9837 Folsom Blvd, Suite F Sacramento, 95827",Mental Health Clinic,Children's General & Specialized Mental Health Services,,
Dignity Medical Foundation (Children's South),9164502650,"6615 Valley Hi Drive Suite A Sacramento, 95823",Mental Health Clinic,Children's General & Specialized Mental Health Services,,
El Hogar,9164401500,,Mental Health Clinic,"Outpatient medication and mental health support services to adults experiencing homelessness and struggling with mental health challenges mental health services, outreach, case management, housing services",,
"El Hogar Community Services, Inc. (Community Justice Support Team)",9162342577,"4433 Florin Road Suite 600 Sacramento, 95823",Mental Health Clinic,Adult General & Specialized Mental Health Services,,
"El Hogar Community Services, Inc. (Sierra Elder Wellness Program)",9163631553,"630 Bercut Drive, Suite C Sacramento, 95811",Mental Health Clinic,Adult General & Specialized Mental Health Services,,
"El Hogar Community Services, Inc. - CORE Marigold",9164413819,"8421 Auburn Blvd, Suite 162 & 164 Citrus Heights, 95610",Mental Health Clinic,Adult General & Specialized Mental Health Services,,
"El Hogar Community Services, Inc. - CORE Mariposa",9164401500,"600 Bercut Drive Sacramento, 95811",Mental Health Clinic,Adult General & Specialized Mental Health Services,,
Elite Family Systems,2095312088,"2935 Fourth Street Ceres, 95307",Mental Health Clinic,Children's General & Specialized Mental Health Services,,
FosterHope Sacramento,9167371481,"4144 Winding Way Sacramento, 95841",Mental Health Clinic,Children's General & Specialized Mental Health Services,,
Gateway Residential Programs,9167821111,"1780 Vernon Street, Suite 1 Roseville, 95678",Mental Health Clinic,Children's General & Specialized Mental Health Services,,
Genesis mental health,9166691536,Delaney Center in Friendship park,Mental Health Clinic,"Free mental health services, Counseling, supportive groups, connection with other social service organizations, internal referrals to other programs at Loaves & Fishes",,
God's Love Outreach Ministries,9259994119,"1111 W. Tokay Street Lodi, 95240",Mental Health Clinic,Adult General & Specialized Mental Health Services,,
HeartLand Child & Family Services,9164180828,"2829 Watt Avenue, Suite 200 Sacramento, 95821",Mental Health Clinic,Children's General & Specialized Mental Health Services,,
Heritage Oaks,9164893336,"4250 Auburn Blvd, Sacramento, CA 95841",Mental Health Clinic,"Heritage Oaks Hospital is an acute psychiatric hospital that provides treatment to teens, adults and seniors living with mental health challenges",,
Hope Cooperative,9162673547,,Mental Health Clinic,,,
"Jane Ann Graff, MFT",9169797000,"3550 Watt Avenue Sacramento, 95821",Mental Health Clinic,Children's & Adult General & Specialized Mental Health Services,,
"La Familia Counseling Center, Inc.",9164523601,"3301 37th Avenue Sacramento, 95820",Mental Health Clinic,Children's General & Specialized Mental Health Services,,
Pacific Clinics,9163886400,"9343 Tech Center Dr., Suite 200 Sacramento, 95826",Mental Health Clinic,Children's General & Specialized Mental Health Services,,
Paradise Oaks Youth Services,9169676253,"6060 Sunrise Vista Dr Ste 2100 Citrus Heights, 95610",Mental Health Clinic,Children's General & Specialized Mental Health Services,,
Progress Ranch Treatment Services for Children,5307532566,"3840 Rosin Ct Suite 240 Sacramento, 95834",Mental Health Clinic,Children's General & Specialized Mental Health Services,,
Psynergy Folsom Sacramento,9164573129,"9343 Tech Center Drive, Suite 110 Sacramento, 95826",Mental Health Clinic,Adult General & Specialized Mental Health Services,,
Psynergy Roosevelt Clinic,9164573129,"4604A Roosevelt Ave Sacramento, 95820",Mental Health Clinic,Adult General & Specialized Mental Health Services,,
Rebekah Children's Services,4088462100,"290 IOOF Ave Gilroy, 95020",Mental Health Clinic,Children's General & Specialized Mental Health Services,,
"River Oak Center for Children, Inc.",9166095100,"5445 Laurel Hills Drive Sacramento, 95841",Mental Health Clinic,Children's General & Specialized Mental Health Services,,
Sacramento Children's Home,9164523981,"2750 Sutterville Road Sacramento, 95820",Mental Health Clinic,Children's General & Specialized Mental Health Services,,
Sacramento Children's Home - Transitional Age Program,9164523981,"2750 Sutterville Road Sacramento, 95820",Mental Health Clinic,Children's General & Specialized Mental Health Services,,
Sacramento County Mental Health - Adult Psychiatric Support Services Clinic,9168750701,"2130 Stockton Blvd. Suites 100, 200 Sacramento, 95817",Mental Health Clinic,Adult General & Specialized Mental Health Services,,
Sacramento County Mental Health - Children & Adolescent Psychiatric Services,9168751183,"3331 Power Inn Rd Suite 140 Sacramento, 95826",Mental Health Clinic,Children's General & Specialized Mental Health Services,,
Sacramento County Mental Health - Intake Stabilization Unit,9168751000,"2150 Stockton Blvd. Sacramento, 95817",Mental Health Clinic,Crisis Stabilization,,
San Juan Unified School District - White House Counseling Center,9169717640,"6147 Sutter Avenue Carmichael, 95608",Mental Health Clinic,Children's General & Specialized Mental Health Services,,
Stanford Sierra Youth & Families,9163440199,"8421 Auburn Blvd., Suites 3, 125 & 130 Citrus Heights, 95610",Mental Health Clinic,Children's General & Specialized Mental Health Services,,
Star View Children and Family Services - 'The STAY',9168775994,"3815 Marconi Ave Sacramento, 95821",Mental Health Clinic,Adult General & Specialized Mental Health Services,,
Summitview Child and Family Services,5306442412,"670 Placerville Dr. #2 Placerville, 95667",Mental Health Clinic,Children's General & Specialized Mental Health Services,,
Telecare ARISE,9163788266,"1103 N B Street, Suite E Sacramento, 95811",Mental Health Clinic,Adult General & Specialized Mental Health Services,,
Telecare Corporation,9168307901,"900 fulton Ave. Suite 230 Sacramento, CA 95825",Mental Health Clinic,behavioral health services that engage individuals with complex needs in recovering their heath,,
Telecare EMPOWER IST,9163788266,"1103 N. B Street, Suite E Sacramento, 95811",Mental Health Clinic,Adult General & Specialized Mental Health Services,,
Telecare OASIS,9163788266,"1103 N B Street Suite D & E Sacramento, 95811",Mental Health Clinic,Adult General & Specialized Mental Health Services,,
Telecare Sacramento Outreach Adult Recovery (SOAR),9164843570,"900 Fulton Avenue, Suite 205 Sacramento, 95825",Mental Health Clinic,Adult General & Specialized Mental Health Services,,
"TLCS, Inc. (New Direction - Transforming Lives, Cultivating Success)",9169934131,"650 Howe Avenue, Bldg. 400-B Sacramento, 95825",Mental Health Clinic,Adult General & Specialized Mental Health Services,,
"TLCS, Inc. - Hope CORE",9167387400,"1400 X Street Sacramento, 95818",Mental Health Clinic,Adult General & Specialized Mental Health Services,,
Turning point,9165202460,"2130 Stockton Blvd building 300, Sacramento, CA 9581",Mental Health Clinic,"Mental health services, support finding housing, response team /outreach",,
Turning Point Community Programs - CORE Elk Grove,9165098189,"9340 Stockton Blvd Elk Grove, 95624",Mental Health Clinic,Adult General & Specialized Mental Health Services,,
Turning Point Community Programs - CORE Madison,9163883231,"3628 Madison Ave, Suite 6 North Highlands, 95660",Mental Health Clinic,Adult General & Specialized Mental Health Services,,
Turning Point Community Programs - CORE Rosin,9165674222,"3810 Rosin Court, Suite 170 Sacramento, 95834",Mental Health Clinic,Adult General & Specialized Mental Health Services,,
Turning Point Community Programs - Crisis Residential II,9165595686,"505 M Street Rio Linda, 95673",Mental Health Clinic,Adult General & Specialized Mental Health Services,,
Turning Point Community Programs - Crisis Residential III,9163648395,"7415 Henrietta Drive Sacramento, 95822",Mental Health Clinic,Adult General & Specialized Mental Health Services,,
Turning Point Community Programs - Crisis Residential IV,9165595686,"3440 Viking Drive Sacramento, 95827",Mental Health Clinic,Adult General & Specialized Mental Health Services,,
Turning Point Community Programs - Flexible Integrated Program (FIT),9164277141,"3161 Dwight Rd Elk Grove, 95758",Mental Health Clinic,Children's General & Specialized Mental Health Services,,
Turning Point Community Programs - Integrated Services Agency (ISA),9163931222,"6950 65th Street Sacramento, 95823",Mental Health Clinic,Adult General & Specialized Mental Health Services,,
Turning Point Community Programs - Mental Health Urgent Care Center,9165202460,"2130 Stockton Blvd, Building 300 Sacramento, 95817",Mental Health Clinic,Adult General & Specialized Mental Health Services,,
Turning Point Community Programs - Pathways,9162838280,"3947 Lennane Dr, Suite 110 Sacramento, 95834",Mental Health Clinic,Adult General & Specialized Mental Health Services,,
Turning Point Community Programs - Therapeutic Behavioral Program (TBS),9164277141,"3161 Dwight Rd Elk Grove, 95758",Mental Health Clinic,Children's General & Specialized Mental Health Services,,
UC Davis Medical Center - SacEDAPT,9167347251,"2230 Stockton Blvd. Sacramento, 95817",Mental Health Clinic,"Assessment, early identification & treatment of the onset of psychosis",,
UC Davis Medical Center Child Protection - UCD CAARE,9167348396,"3671 Business Drive Sacramento, 95820",Mental Health Clinic,Children's General & Specialized Mental Health Services,,
"Victor Treatment Center, Inc.",7075767218,"3164 Condo Court Santa Rosa, 95403",Mental Health Clinic,Children's General & Specialized Mental Health Services,,
WellSpace Health-Crisis Receiving for Behavioral Health,9164694714,"631 H Street Sacramento, 95814",Mental Health Clinic,Adult General & Specialized Mental Health Services,,
A Church for All: Ripple Effect,9168077305,"4704 Roseville Road, Suite 110 North Highlands, CA 95660",Mental Health Respite,Planned respite for LGBTQ adults,,
Asian Pacific Community Counseling,9163836783,"7273 14th Avenue, Suite 120-B Sacramento, CA 95820",Mental Health Respite,"Suicide prevention education, outreach, and engagement",,
Cal Voices,9163664668,"720 Howe Avenue Suite 102 Sacramento, CA 95825",Mental Health Respite,"Suicide prevention education, outreach, and engagement",,
Capitol Adoptive Families Alliance,9166712030,www.capadoptfam.org,Mental Health Respite,Family respite camp and activities for adoptive parents,,
Capitol Star Crisis Residential Program,9168903000,Contact program for more information,Mental Health Respite,Crisis Residential Program,,
Child Protective Services-Mental Health Team,9168756508,"7001-A East Parkway, Suite 800 Sacramento, CA 95823",Mental Health Respite,Mental health assessment and consultation,,
Children's Receiving Home,9164822370,"3555 Auburn Boulevard Sacramento, CA 95821",Mental Health Respite,"Suicide prevention education, outreach, and engagement",,
Community Support Team,9168746015,"7001A East Parkway Sacramento, CA 95823",Mental Health Respite,"Crisis intervention, assessment, resource navigation",,
Del Oro Caregiver Resource Center,9167289333,"8421 Auburn Blvd, Suite 265 Citrus Heights, CA 95610",Mental Health Respite,Crisis respite care and respite counseling for caregivers,,
eVIBE (Early Violence Intervention),9162908108,"2750 Sutterville Rd Sacramento, CA 95820",Mental Health Respite,"Violence prevention education & outreach, family conflict",,
Friends for Survival,9163920664,"2628 El Camino Ave, Ste. D-1 Sacramento, CA 95821",Mental Health Respite,Suicide Bereavement Support Groups & Grief Services,,
Iu Mien Community Services,9163833083,"5657 Stockton Blvd, Sacramento, CA 95824",Mental Health Respite,Intergenerational respite support,,
La Familia Counseling Center,9162108773,"3301 37th Avenue Sacramento, CA 95824",Mental Health Respite,"Suicide prevention, education, outreach, and engagement",,
Mobile Crisis Support Teams,911,Various Locations (Sited with Law Enforcement),Mental Health Respite,Mobile Crisis Assessment and intervention,,
Quality Child Care Collaborative,9163690191,"10540 White Rock Rd Suite 180 Rancho Cordova, CA 95670",Mental Health Respite,Mental health consultation for child care settings,,
Refugees Enrichment and Development Assoc.,9165004299,"3425 Arden Way Sacramento, CA 95825",Mental Health Respite,"Suicide prevention, mental health education, refugee youth mentoring, outreach",,
Sacramento County Office of Education,9162282565,Bullying Prevention Project,Mental Health Respite,Bullying prevention education and training,,
Sacramento LGBT Community Center,9164420185,"Lambda Lounge, 1015 20th Street Sacramento, CA 95811",Mental Health Respite,LGBTQ-friendly planned and drop-in respite,,
Sacramento LGBT Community Center - Q Spot,9164420185,"1015 20th Street Sacramento, CA 95811",Mental Health Respite,LGBTQ-friendly drop-in respite and support groups,,
Sacramento Native American Health Center,9163410575,"2800 Florin Road Sacramento, CA 95823",Mental Health Respite,"Suicide prevention education, outreach & engagement",,
Safe Zone Squad,9167523332,"Rosa Parks K-8 School, 2250 68th Ave Sacramento, CA 95822",Mental Health Respite,Crisis Intervention Services,,
Saint John's Program for Real Change,9164531482,Contact program for more information,Mental Health Respite,Short-term respite and on-site support services,,
SeniorLink El Hogar,9163697872,"630 Bercut Dr, Suite B Sacramento, CA 95811",Mental Health Respite,"Outreach, education & connection to resources",,
Slavic Assistance Center,9169251071,"2117 Cottage Way Sacramento, CA 95825",Mental Health Respite,"Suicide prevention education, outreach & engagement",,
Slavic Assistance Center (Ukrainian Line),9169251010,"2117 Cottage Way Sacramento, CA 95825",Mental Health Respite,Warmline services for people affected by the war in Ukraine,,
The Living Room (A Church For All),9168998861,"South Sacramento: 7000 Franklin Blvd, Suite 1020 Sacramento, CA 95823",Mental Health Respite,"Suicide prevention education, outreach, and engagement",,
"TLCS, Inc. (Hope Cooperative)",9167377483,Contact program for more information,Mental Health Respite,24-hour mental health crisis respite services,,
Turning Point Community Programs,9162874860,"Abiding Hope Respite House, Contact for info",Mental Health Respite,Residential mental health crisis respite services,,
UC Davis Medical Center - SacEDAPT,9167347251,"2230 Stockton Blvd Sacramento, CA 95817",Mental Health Respite,"Assessment, early identification & treatment of psychosis",,
WellSpace Health,9163683111,"777 12th Street, Suite 250 Sacramento, CA 95814",Mental Health Respite,Emergency department follow-up services,,
Wind Youth Services - Rejuvenation Haven,9165043313,"815 S Street Sacramento, CA 95811",Mental Health Respite,Drop-in respite for youth experiencing homelessness,,
"Youth Mental Health First Aid, QPR",9162282565,Sacramento County Office of Education (SCOE),Mental Health Respite,Suicide prevention and training,,
Travelers Aid,9163999646,,Motel,Motel Vouchers for Family or COVID positive people,,
Oak Park Outreach,9165939280,,Outreach,Outreach for housing those in oak park,,
CEPs,9163481980,"3111 Fulton Ave, Sacramento, CA 95821",Payee,Payee service for those with income/ssi/disability etc. and connects people to a room and board,,
CEPs Downtown,9164411900,need new address,Payee,"We are the representative payee of choice because we make a difference by offering solutions, support, and referrals in our community. We research both current services to increase efficiency and the expansion of new services through a network of related businesses to attract new clients and better serve existing clients.",,
Life Payee,8666223098,"2640 Cordova Ln, Rancho Cordova, CA 95670",Payee,Representative Payee Services ... we serve and to improve their quality of life by providing the highest standard of living possible with the resources available.,,
City of Refugees,9166135503,"3216 Martin Luther King Jr Blvd, Sacramento, CA 9581",Refugee,"City of Refuge Sacramento, a non profit organization, exists to support people living in marginalized communities of Sacramento and to empower their ability to create a personal transformation that will lead to a healthy and thriving community",,
International Rescue Committee,9164820120,"2020 Hurley Way #420, Sacramento, CA 95825",Refugee,Refugee Services,,
Nami Respite,9168905467,4625 44th Street Sacramento CA,Respite,"Support for individuals coping with mental illness and their families. Offering crisis help, support groups, NAMI educational courses, and an extensive list of resources.",,
Respite Center,9162874860,9916 Zion Way Sacramento 95827,Respite,inpatient 23 hour holds,,
"TlCS, INC Crisis Respite Center",9167377483,,Respite,"Adults in Respite , stephaine belton went",,
Wellness and Recovery Center WRC Respite,9163949195,"7171 Bowling Drive, STE 300, Sacramento",Respite,Group and other wellness services,,
albertos Room & Board,9162147895,1738 Bell Street,Shelter,"Provides a room and board , both Kenneth smith and Ismael are current residents at his room and board",,
First Step Communities,9168224900,1400 North A Street .,Shelter,"Men&women shelter, 40 each. Walkins only for Waitlist, Case management offered to residents. Multiple Safe Grounds throughout city",,
North 5th VOA,9162653400,700 North 5th Sacramento CA 95811,Shelter,"Women and Men , 90 day shelter program. Referrals only MAYBE??",,
Salvation Army,9164420331,12th & North B St,Shelter,"Shelter, 211 referral only",,
Shelter Inc,9164542120,"700 N 5th St Suite 200, Sacramento, CA 95811",Shelter,"Eviction prevention, COVID rental assistance, Interim Housing, long term housing, intrim housing . Shelter for adults",,
Union Gospel mission,9164473268,,Shelter,"5:306 P.M. BED SIGN UP 1ST COME 1ST SERVE Showers/shaves, MonFri 911P.M. & MonThurs 13P.M. Men's Drug & Alcohol Recovery Program – 9 Month Residential Program Intake Hours: MTh 10:0011:00am and 1:002:00pm",,
Shelia,9164001750,,Transport,"Transport service, Cash, Card. Zelle, venmo. Sweet lady knows Mike Jones",,
Sacramento Urgent Care Now,9167317728,"1201 Alhambra Blvd #230, Sacramento, CA 95816",Urgent Care,"Sacramento Urgent Care offers a faster, convenient, and economical alternative to going to an emergency room. Our expert physicians, nurse practitioners, and support staff provide quality sameday care for patients of all ages, including infants, children, and adults with nonlifethreatening illnesses and injuries. If a medical problem is lifethreatening, call 911.",,
Urgent Care Now Arden,9164809925,"4345 Arden Way, Sacramento CA., 95864",Urgent Care,"XRays, EKG's, IV fluids, oxygen therapy, nebulizer treatments, wound care,laboratory services, medication prescriptions, work comp, occupational medicine.",,
Roads Home,8332554899,2701 k Street Suite 101,Veterans,"Veterans housing services, homelessness services for veterans. Jay:",,
Marys House,9164464961,1321 North C St,Womens Shelter,day shelter for women and children.,,
Meadowview Women's Shelter,9164401382,2700 Meadowview,Womens Shelter,24th and Meadowview provide 100 beds to unsheltered women aged 18 years and over Referrals only shelter number 9169173202,,
Sister Nora's place,9166697000,,Womens Shelter,"Longterm overnight shelter, case management, mental and physical health evaluations, financial management assistance, support groups, medications, laundry, transportation assistance, meditation, life skills classes",,
Women Empowerment,9166692307,,Womens Shelter,Eightweek program for homeless women to develop job skills and personal strengths.,,
Capital Adoptive Families Alliance,9168343700,,Youth,Planned respite through events for adoptive parents or children with complex mental health,,
LuMien Community Services,9163833083,,Youth,"Planned respite through events for youth , adults and older adults of the Mien community",,
Mustard seed school,9164473626,,Youth,"Provides a Montessori stile quality education for children ages 315, Breakfast, school supplies,clothes, counseling, survival supplies, health care",,
Sacramento Children's home,9164523981,2750 Sutterville Road,Youth,"Foster youth tutorial, CalFURS, Education, Counseling center, Crisis Nursery, Family resource center, Residential treatment",,
Sacramento Crisis Nursery,9166793600,,Youth,Youth,,
The Grove,9162874860,"2787 Grove Ave, Sacramento CA 95815",Youth,"SHRA tiny homes/cabins 1824 year olds only, Have to be registered with wind first to be on list to move in there",,
Wind Youth Services,9165043313,815 S. Street Sacramento CA 95811,Youth,"1224 year old drop in center. Breakfast at 8am Lunch at 12pm Showers, Clothing",,
